"Longitude (x)","Latitude (y)","Station Name","Climate ID","Date/Time","Year","Month","Day","Data Quality","Max Temp (°C)","Max Temp Flag","Min Temp (°C)","Min Temp Flag","Mean Temp (°C)","Mean Temp Flag","Heat Deg Days (°C)","Heat Deg Days Flag","Cool Deg Days (°C)","Cool Deg Days Flag","Total Rain (mm)","Total Rain Flag","Total Snow (cm)","Total Snow Flag","Total Precip (mm)","Total Precip Flag","Snow on Grnd (cm)","Snow on Grnd Flag","Dir of Max Gust (10s deg)","Dir of Max Gust Flag","Spd of Max Gust (km/h)","Spd of Max Gust Flag"
"-75.72","45.38","OTTAWA CDA","6105976","2013-01-01","2013","01","01","†","-11.5","","-15.4","","-13.5","","31.5","","0.0","","0.0","","0.8","","0.8","","38","","","","",""
"-75.72","45.38","OTTAWA CDA","6105976","2013-01-02","2013","01","02","†","-13.6","","-17.5","","-15.6","","33.6","","0.0","","0.0","","0.0","","0.0","","37","","","","",""
"-75.72","45.38","OTTAWA CDA","6105976","2013-01-03","2013","01","03","†","-9.5","","-24.5","","-17.0","","35.0","","0.0","","0.0","","3.2","","2.3","","35","","","","",""
"-75.72","45.38","OTTAWA CDA","6105976","2013-01-04","2013","01","04","†","0.5","","-16.9","","-8.2","","26.2","","0.0","","0.0","","0.0","","0.0","","37","","","","",""
"-75.72","45.38","OTTAWA CDA","6105976","2013-01-05","2013","01","05","†","-6.3","","-8.8","","-7.6","","25.6","","0.0","","0.0","","4.2","","4.2","","36","","","","",""
"-75.72","45.38","OTTAWA CDA","6105976","2013-01-06","2013","01","06","†","-4.5","","-16.0","","-10.3","","28.3","","0.0","","0.0","","4.4","","4.4","","40","","","","",""
"-75.72","45.38","OTTAWA CDA","6105976","2013-01-07","2013","01","07","†","0.3","","-19.9","","-9.8","","27.8","","0.0","","0.0","","0.0","","0.0","","43","","","","",""
"-75.72","45.38","OTTAWA CDA","6105976","2013-01-08","2013","01","08","†","2.8","","-11.3","","-4.3","","22.3","","0.0","","0.0","","0.0","","0.0","","40","","","","",""
"-75.72","45.38","OTTAWA CDA","6105976","2013-01-09","2013","01","09","†","4.3","","-11.3","","-3.5","","21.5","","0.0","","0.0","","0.0","","0.0","","39","","","","",""
"-75.72","45.38","OTTAWA CDA","6105976","2013-01-10","2013","01","10","†","3.4","","-1.2","","1.1","","16.9","","0.0","","0.0","","0.0","","0.0","","39","","","","",""
"-75.72","45.38","OTTAWA CDA","6105976","2013-01-11","2013","01","11","†","1.3","","-8.0","","-3.4","","21.4","","0.0","","3.0","","0.0","","3.0","","36","","","","",""
"-75.72","45.38","OTTAWA CDA","6105976","2013-01-12","2013","01","12","†","6.5","","-0.8","","2.9","","15.1","","0.0","","0.6","","0.0","","0.6","","35","","","","",""
"-75.72","45.38","OTTAWA CDA","6105976","2013-01-13","2013","01","13","†","5.6","","0.8","","3.2","","14.8","","0.0","","9.0","","0.0","","9.0","","30","","","","",""
"-75.72","45.38","OTTAWA CDA","6105976","2013-01-14","2013","01","14","†","3.4","","1.4","","2.4","","15.6","","0.0","","0.0","","0.0","T","0.0","T","26","","","","",""
"-75.72","45.38","OTTAWA CDA","6105976","2013-01-15","2013","01","15","†","-0.3","","-6.2","","-3.3","","21.3","","0.0","","0.0","","0.0","","0.0","","25","","","","",""
"-75.72","45.38","OTTAWA CDA","6105976","2013-01-16","2013","01","16","†","1.2","","-8.5","","-3.7","","21.7","","0.0","","0.0","","0.0","T","0.0","T","25","","","","",""
"-75.72","45.38","OTTAWA CDA","6105976","2013-01-17","2013","01","17","†","-13.7","","-16.3","","-15.0","","33.0","","0.0","","0.0","","0.0","","0.0","","24","","","","",""
"-75.72","45.38","OTTAWA CDA","6105976","2013-01-18","2013","01","18","†","9.8","","-23.5","","-6.9","","24.9","","0.0","","0.0","","8.3","","6.2","","24","","","","",""
"-75.72","45.38","OTTAWA CDA","6105976","2013-01-19","2013","01","19","†","5.7","","-11.0","","-2.7","","20.7","","0.0","","5.0","","2.5","","7.5","","34","","","","",""
"-75.72","45.38","OTTAWA CDA","6105976","2013-01-20","2013","01","20","†","2.2","","-10.0","","-3.9","","21.9","","0.0","","0.0","","1.0","","0.6","","32","","","","",""
"-75.72","45.38","OTTAWA CDA","6105976","2013-01-21","2013","01","21","†","-15.6","","-23.5","","-19.6","","37.6","","0.0","","0.0","","0.5","","0.2","","29","","","","",""
"-75.72","45.38","OTTAWA CDA","6105976","2013-01-22","2013","01","22","†","-16.0","","-19.6","","-17.8","","35.8","","0.0","","0.0","","0.0","","0.0","","28","","","","",""
"-75.72","45.38","OTTAWA CDA","6105976","2013-01-23","2013","01","23","†","-22.0","","-29.5","","-25.8","","43.8","","0.0","","0.0","","0.0","","0.0","","28","","","","",""
"-75.72","45.38","OTTAWA CDA","6105976","2013-01-24","2013","01","24","†","-17.5","","-27.0","","-22.3","","40.3","","0.0","","0.0","","0.0","","0.0","","28","","","","",""
"-75.72","45.38","OTTAWA CDA","6105976","2013-01-25","2013","01","25","†","-14.4","","-23.0","","-18.7","","36.7","","0.0","","0.0","","0.0","","0.0","","28","","","","",""
"-75.72","45.38","OTTAWA CDA","6105976","2013-01-26","2013","01","26","†","-10.0","","-24.0","","-17.0","","35.0","","0.0","","0.0","","0.0","","0.0","","28","","","","",""
"-75.72","45.38","OTTAWA CDA","6105976","2013-01-27","2013","01","27","†","-9.9","","-20.3","","-15.1","","33.1","","0.0","","0.0","","0.0","","0.0","","28","","","","",""
"-75.72","45.38","OTTAWA CDA","6105976","2013-01-28","2013","01","28","†","-6.9","","-13.0","","-10.0","","28.0","","0.0","","0.0","","11.4","","10.2","","28","","","","",""
"-75.72","45.38","OTTAWA CDA","6105976","2013-01-29","2013","01","29","†","0.5","","-16.1","","-7.8","","25.8","","0.0","","3.0","","0.0","","3.0","","35","","","","",""
"-75.72","45.38","OTTAWA CDA","6105976","2013-01-30","2013","01","30","†","12.0","","-5.0","","3.5","","14.5","","0.0","","15.2","","0.0","","15.2","","33","","","","",""
"-75.72","45.38","OTTAWA CDA","6105976","2013-01-31","2013","01","31","†","3.9","","-6.1","","-1.1","","19.1","","0.0","","0.0","","0.0","","0.0","","22","","","","",""
"-75.72","45.38","OTTAWA CDA","6105976","2013-02-01","2013","02","01","†","-12.5","","-16.1","","-14.3","","32.3","","0.0","","0.0","","0.0","T","0.0","T","19","","","","",""
"-75.72","45.38","OTTAWA CDA","6105976","2013-02-02","2013","02","02","†","-12.0","","-17.5","","-14.8","","32.8","","0.0","","0.0","","0.8","","0.4","","20","","","","",""
"-75.72","45.38","OTTAWA CDA","6105976","2013-02-03","2013","02","03","†","-9.3","","-15.0","","-12.2","","30.2","","0.0","","0.0","","2.2","","0.6","","21","","","","",""
"-75.72","45.38","OTTAWA CDA","6105976","2013-02-04","2013","02","04","†","-10.2","","-15.0","","-12.6","","30.6","","0.0","","0.0","","0.0","","0.0","","22","","","","",""
"-75.72","45.38","OTTAWA CDA","6105976","2013-02-05","2013","02","05","†","-8.5","","-23.2","","-15.9","","33.9","","0.0","","0.0","","1.5","","0.6","","19","","","","",""
"-75.72","45.38","OTTAWA CDA","6105976","2013-02-06","2013","02","06","†","-9.6","","-13.6","","-11.6","","29.6","","0.0","","0.0","","0.0","","0.0","","20","","","","",""
"-75.72","45.38","OTTAWA CDA","6105976","2013-02-07","2013","02","07","†","-14.5","","-20.0","","-17.3","","35.3","","0.0","","0.0","","5.2","","5.2","","19","","","","",""
"-75.72","45.38","OTTAWA CDA","6105976","2013-02-08","2013","02","08","†","-8.5","","-17.9","","-13.2","","31.2","","0.0","","0.0","","13.0","","9.6","","22","","","","",""
"-75.72","45.38","OTTAWA CDA","6105976","2013-02-09","2013","02","09","†","-7.5","","-15.0","","-11.3","","29.3","","0.0","","0.0","","0.0","","0.0","","37","","","","",""
"-75.72","45.38","OTTAWA CDA","6105976","2013-02-10","2013","02","10","†","-3.9","","-24.0","","-14.0","","32.0","","0.0","","0.0","","0.0","","0.0","","36","","","","",""
"-75.72","45.38","OTTAWA CDA","6105976","2013-02-11","2013","02","11","†","2.0","","-10.5","","-4.3","","22.3","","0.0","","3.5","","1.7","","5.0","","32","","","","",""
"-75.72","45.38","OTTAWA CDA","6105976","2013-02-12","2013","02","12","†","1.7","","-4.5","","-1.4","","19.4","","0.0","","1.4","","0.0","T","1.4","","33","","","","",""
"-75.72","45.38","OTTAWA CDA","6105976","2013-02-13","2013","02","13","†","1.6","","-3.0","","-0.7","","18.7","","0.0","","0.0","","0.0","T","0.0","T","33","","","","",""
"-75.72","45.38","OTTAWA CDA","6105976","2013-02-14","2013","02","14","†","2.2","","-3.1","","-0.5","","18.5","","0.0","","0.0","","4.2","","4.2","","31","","","","",""
"-75.72","45.38","OTTAWA CDA","6105976","2013-02-15","2013","02","15","†","2.7","","-1.4","","0.7","","17.3","","0.0","","0.0","","0.0","T","0.0","T","30","","","","",""
"-75.72","45.38","OTTAWA CDA","6105976","2013-02-16","2013","02","16","†","-8.0","","-16.5","","-12.3","","30.3","","0.0","","0.0","","0.0","","0.0","","30","","","","",""
"-75.72","45.38","OTTAWA CDA","6105976","2013-02-17","2013","02","17","†","-9.9","","-19.5","","-14.7","","32.7","","0.0","","0.0","","0.0","","0.0","","30","","","","",""
"-75.72","45.38","OTTAWA CDA","6105976","2013-02-18","2013","02","18","†","-6.4","","-18.9","","-12.7","","30.7","","0.0","","0.0","","0.0","","0.0","","30","","","","",""
"-75.72","45.38","OTTAWA CDA","6105976","2013-02-19","2013","02","19","†","-0.4","","-10.9","","-5.7","","23.7","","0.0","","0.0","","6.0","","5.6","","30","","","","",""
"-75.72","45.38","OTTAWA CDA","6105976","2013-02-20","2013","02","20","†","-3.4","","-5.2","","-4.3","","22.3","","0.0","","0.0","","4.0","","1.3","","32","","","","",""
"-75.72","45.38","OTTAWA CDA","6105976","2013-02-21","2013","02","21","†","-2.9","","-15.8","","-9.4","","27.4","","0.0","","0.0","","0.0","T","0.0","T","32","","","","",""
"-75.72","45.38","OTTAWA CDA","6105976","2013-02-22","2013","02","22","†","1.4","","-6.4","","-2.5","","20.5","","0.0","","0.0","","0.0","T","0.0","T","32","","","","",""
"-75.72","45.38","OTTAWA CDA","6105976","2013-02-23","2013","02","23","†","0.3","","-3.5","","-1.6","","19.6","","0.0","","0.0","","1.8","","2.0","","32","","","","",""
"-75.72","45.38","OTTAWA CDA","6105976","2013-02-24","2013","02","24","†","1.5","","-2.0","","-0.3","","18.3","","0.0","","0.0","","0.6","","0.4","","33","","","","",""
"-75.72","45.38","OTTAWA CDA","6105976","2013-02-25","2013","02","25","†","4.6","","-3.4","","0.6","","17.4","","0.0","","0.0","","0.0","","0.0","","34","","","","",""
"-75.72","45.38","OTTAWA CDA","6105976","2013-02-26","2013","02","26","†","4.0","","-4.1","","-0.1","","18.1","","0.0","","0.0","T","0.0","","0.0","T","31","","","","",""
"-75.72","45.38","OTTAWA CDA","6105976","2013-02-27","2013","02","27","†","1.1","","-0.5","","0.3","","17.7","","0.0","","1.5","","29.0","","38.2","","29","","","","",""
"-75.72","45.38","OTTAWA CDA","6105976","2013-02-28","2013","02","28","†","1.4","","-0.8","","0.3","","17.7","","0.0","","0.0","","3.0","","3.0","","55","","","","",""
"-75.72","45.38","OTTAWA CDA","6105976","2013-03-01","2013","03","01","†","-0.1","","-1.3","","-0.7","","18.7","","0.0","","0.0","","0.3","","0.3","","52","","","","",""
"-75.72","45.38","OTTAWA CDA","6105976","2013-03-02","2013","03","02","†","-4.5","","-7.5","","-6.0","","24.0","","0.0","","0.0","","0.3","","0.3","","54","","","","",""
"-75.72","45.38","OTTAWA CDA","6105976","2013-03-03","2013","03","03","†","-4.0","","-8.5","","-6.3","","24.3","","0.0","","0.0","","0.0","T","0.0","T","54","","","","",""
"-75.72","45.38","OTTAWA CDA","6105976","2013-03-04","2013","03","04","†","-2.3","","-9.1","","-5.7","","23.7","","0.0","","0.0","","3.4","","3.4","","53","","","","",""
"-75.72","45.38","OTTAWA CDA","6105976","2013-03-05","2013","03","05","†","4.6","","-6.4","","-0.9","","18.9","","0.0","","0.0","","0.0","","0.0","","54","","","","",""
"-75.72","45.38","OTTAWA CDA","6105976","2013-03-06","2013","03","06","†","4.5","","-2.0","","1.3","","16.7","","0.0","","0.0","","0.0","","0.0","","52","","","","",""
"-75.72","45.38","OTTAWA CDA","6105976","2013-03-07","2013","03","07","†","0.7","","-0.5","","0.1","","17.9","","0.0","","0.0","","0.0","","0.0","","48","","","","",""
"-75.72","45.38","OTTAWA CDA","6105976","2013-03-08","2013","03","08","†","5.0","","-3.5","","0.8","","17.2","","0.0","","0.0","","0.0","","0.0","","47","","","","",""
"-75.72","45.38","OTTAWA CDA","6105976","2013-03-09","2013","03","09","†","7.5","","-9.5","","-1.0","","19.0","","0.0","","0.0","","0.0","","0.0","","47","","","","",""
"-75.72","45.38","OTTAWA CDA","6105976","2013-03-10","2013","03","10","†","6.8","","-3.5","","1.7","","16.3","","0.0","","0.0","","0.0","","0.0","","45","","","","",""
"-75.72","45.38","OTTAWA CDA","6105976","2013-03-11","2013","03","11","†","9.0","","1.4","","5.2","","12.8","","0.0","","4.4","","0.0","","4.4","","43","","","","",""
"-75.72","45.38","OTTAWA CDA","6105976","2013-03-12","2013","03","12","†","5.1","","2.0","","3.6","","14.4","","0.0","","0.0","T","0.0","","0.0","T","37","","","","",""
"-75.72","45.38","OTTAWA CDA","6105976","2013-03-13","2013","03","13","†","3.0","","-2.2","","0.4","","17.6","","0.0","","0.0","","0.0","T","0.0","T","34","","","","",""
"-75.72","45.38","OTTAWA CDA","6105976","2013-03-14","2013","03","14","†","-6.7","","-11.3","","-9.0","","27.0","","0.0","","0.0","","0.0","","0.0","","34","","","","",""
"-75.72","45.38","OTTAWA CDA","6105976","2013-03-15","2013","03","15","†","1.5","","-12.0","","-5.3","","23.3","","0.0","","0.0","","3.0","","3.0","","34","","","","",""
"-75.72","45.38","OTTAWA CDA","6105976","2013-03-16","2013","03","16","†","-6.0","","-12.0","","-9.0","","27.0","","0.0","","0.0","","0.0","","0.0","","38","","","","",""
"-75.72","45.38","OTTAWA CDA","6105976","2013-03-17","2013","03","17","†","-5.5","","-16.5","","-11.0","","29.0","","0.0","","0.0","","0.0","","0.0","","37","","","","",""
"-75.72","45.38","OTTAWA CDA","6105976","2013-03-18","2013","03","18","†","-3.5","","-17.6","","-10.6","","28.6","","0.0","","0.0","","10.0","","8.8","","36","","","","",""
"-75.72","45.38","OTTAWA CDA","6105976","2013-03-19","2013","03","19","†","0.6","","-7.5","","-3.5","","21.5","","0.0","","0.0","","8.2","","8.2","","40","","","","",""
"-75.72","45.38","OTTAWA CDA","6105976","2013-03-20","2013","03","20","†","0.1","","-14.0","","-7.0","","25.0","","0.0","","0.0","","0.9","","0.5","","46","","","","",""
"-75.72","45.38","OTTAWA CDA","6105976","2013-03-21","2013","03","21","†","0.0","","-7.1","","-3.6","","21.6","","0.0","","0.0","","1.7","","1.2","","45","","","","",""
"-75.72","45.38","OTTAWA CDA","6105976","2013-03-22","2013","03","22","†","-1.5","","-8.5","","-5.0","","23.0","","0.0","","0.0","","0.0","","0.0","","47","","","","",""
"-75.72","45.38","OTTAWA CDA","6105976","2013-03-23","2013","03","23","†","3.1","","-5.5","","-1.2","","19.2","","0.0","","0.0","","0.0","","0.0","","45","","","","",""
"-75.72","45.38","OTTAWA CDA","6105976","2013-03-24","2013","03","24","†","3.7","","-1.0","","1.4","","16.6","","0.0","","0.0","","0.0","","0.0","","43","","","","",""
"-75.72","45.38","OTTAWA CDA","6105976","2013-03-25","2013","03","25","†","6.1","","-4.5","","0.8","","17.2","","0.0","","0.0","","0.0","","0.0","","39","","","","",""
"-75.72","45.38","OTTAWA CDA","6105976","2013-03-26","2013","03","26","†","8.2","","-1.2","","3.5","","14.5","","0.0","","0.0","","0.0","","0.0","","39","","","","",""
"-75.72","45.38","OTTAWA CDA","6105976","2013-03-27","2013","03","27","†","5.5","","0.2","","2.9","","15.1","","0.0","","0.0","T","0.0","","0.0","T","34","","","","",""
"-75.72","45.38","OTTAWA CDA","6105976","2013-03-28","2013","03","28","†","8.0","","1.4","","4.7","","13.3","","0.0","","0.0","","0.0","","0.0","","31","","","","",""
"-75.72","45.38","OTTAWA CDA","6105976","2013-03-29","2013","03","29","†","7.5","","2.0","","4.8","","13.2","","0.0","","0.0","","0.0","","0.0","","28","","","","",""
"-75.72","45.38","OTTAWA CDA","6105976","2013-03-30","2013","03","30","†","9.3","","-4.5","","2.4","","15.6","","0.0","","0.0","","0.0","","0.0","","23","","","","",""
"-75.72","45.38","OTTAWA CDA","6105976","2013-03-31","2013","03","31","†","11.0","","-2.5","","4.3","","13.7","","0.0","","2.2","","0.0","","2.2","","20","","","","",""
"-75.72","45.38","OTTAWA CDA","6105976","2013-04-01","2013","04","01","†","5.5","","0.5","","3.0","","15.0","","0.0","","0.0","","0.0","","0.0","","12","","","","",""
"-75.72","45.38","OTTAWA CDA","6105976","2013-04-02","2013","04","02","†","0.0","","-7.5","","-3.8","","21.8","","0.0","","0.0","","0.0","","0.0","","10","","","","",""
"-75.72","45.38","OTTAWA CDA","6105976","2013-04-03","2013","04","03","†","1.4","","-6.2","","-2.4","","20.4","","0.0","","0.0","","0.0","","0.0","","10","","","","",""
"-75.72","45.38","OTTAWA CDA","6105976","2013-04-04","2013","04","04","†","7.7","","-5.7","","1.0","","17.0","","0.0","","2.4","","0.5","","2.9","","10","","","","",""
"-75.72","45.38","OTTAWA CDA","6105976","2013-04-05","2013","04","05","†","3.3","","0.1","","1.7","","16.3","","0.0","","0.0","","0.0","","0.0","","6","","","","",""
"-75.72","45.38","OTTAWA CDA","6105976","2013-04-06","2013","04","06","†","4.0","","-7.0","","-1.5","","19.5","","0.0","","1.0","","0.0","","1.0","","2","","","","",""
"-75.72","45.38","OTTAWA CDA","6105976","2013-04-07","2013","04","07","†","12.4","","-0.5","","6.0","","12.0","","0.0","","0.2","","0.0","","0.2","","0","","","","",""
"-75.72","45.38","OTTAWA CDA","6105976","2013-04-08","2013","04","08","†","8.4","","1.5","","5.0","","13.0","","0.0","","12.8","","0.0","","12.8","","0","","","","",""
"-75.72","45.38","OTTAWA CDA","6105976","2013-04-09","2013","04","09","†","11.4","","2.6","","7.0","","11.0","","0.0","","0.2","","0.0","","0.2","","0","","","","",""
"-75.72","45.38","OTTAWA CDA","6105976","2013-04-10","2013","04","10","†","9.0","","4.2","","6.6","","11.4","","0.0","","0.0","","0.0","","0.0","","0","","","","",""
"-75.72","45.38","OTTAWA CDA","6105976","2013-04-11","2013","04","11","†","3.7","","-3.8","","-0.1","","18.1","","0.0","","1.6","","3.0","","4.6","","0","","","","",""
"-75.72","45.38","OTTAWA CDA","6105976","2013-04-12","2013","04","12","†","3.0","","-2.7","","0.2","","17.8","","0.0","","12.1","","3.0","","15.1","","0","","","","",""
"-75.72","45.38","OTTAWA CDA","6105976","2013-04-13","2013","04","13","†","6.0","","-0.5","","2.8","","15.2","","0.0","","1.2","","0.0","","1.2","","1","","","","",""
"-75.72","45.38","OTTAWA CDA","6105976","2013-04-14","2013","04","14","†","7.5","","1.0","","4.3","","13.7","","0.0","","0.0","","0.0","","0.0","","0","","","","",""
"-75.72","45.38","OTTAWA CDA","6105976","2013-04-15","2013","04","15","†","13.5","","-2.1","","5.7","","12.3","","0.0","","2.0","","0.0","","2.0","","0","","","","",""
"-75.72","45.38","OTTAWA CDA","6105976","2013-04-16","2013","04","16","†","15.0","","6.0","","10.5","","7.5","","0.0","","0.2","","0.0","","0.2","","0","","","","",""
"-75.72","45.38","OTTAWA CDA","6105976","2013-04-17","2013","04","17","†","11.6","","2.0","","6.8","","11.2","","0.0","","0.0","","0.0","","0.0","","0","","","","",""
"-75.72","45.38","OTTAWA CDA","6105976","2013-04-18","2013","04","18","†","19.5","","3.3","","11.4","","6.6","","0.0","","10.6","","0.0","","10.6","","0","","","","",""
"-75.72","45.38","OTTAWA CDA","6105976","2013-04-19","2013","04","19","†","22.4","","9.5","","16.0","","2.0","","0.0","","5.2","","0.0","","5.2","","0","","","","",""
"-75.72","45.38","OTTAWA CDA","6105976","2013-04-20","2013","04","20","†","6.5","","1.0","","3.8","","14.2","","0.0","","0.0","","0.0","","0.0","","0","","","","",""
"-75.72","45.38","OTTAWA CDA","6105976","2013-04-21","2013","04","21","†","6.8","","-4.0","","1.4","","16.6","","0.0","","0.0","","0.0","","0.0","","0","","","","",""
"-75.72","45.38","OTTAWA CDA","6105976","2013-04-22","2013","04","22","†","15.0","","-2.0","","6.5","","11.5","","0.0","","0.0","","0.0","","0.0","","0","","","","",""
"-75.72","45.38","OTTAWA CDA","6105976","2013-04-23","2013","04","23","†","15.7","","0.7","","8.2","","9.8","","0.0","","0.0","","0.0","","0.0","","0","","","","",""
"-75.72","45.38","OTTAWA CDA","6105976","2013-04-24","2013","04","24","†","18.0","","5.2","","11.6","","6.4","","0.0","","5.4","","0.0","","5.4","","0","","","","",""
"-75.72","45.38","OTTAWA CDA","6105976","2013-04-25","2013","04","25","†","12.1","","1.8","","7.0","","11.0","","0.0","","3.5","","0.0","","3.5","","0","","","","",""
"-75.72","45.38","OTTAWA CDA","6105976","2013-04-26","2013","04","26","†","12.4","","3.9","","8.2","","9.8","","0.0","","1.1","","0.0","","1.1","","0","","","","",""
"-75.72","45.38","OTTAWA CDA","6105976","2013-04-27","2013","04","27","†","13.4","","2.5","","8.0","","10.0","","0.0","","0.0","T","0.0","","0.0","T","0","","","","",""
"-75.72","45.38","OTTAWA CDA","6105976","2013-04-28","2013","04","28","†","22.2","","3.0","","12.6","","5.4","","0.0","","0.0","","0.0","","0.0","","0","","","","",""
"-75.72","45.38","OTTAWA CDA","6105976","2013-04-29","2013","04","29","†","15.1","","10.3","","12.7","","5.3","","0.0","","1.8","","0.0","","1.8","","0","","","","",""
"-75.72","45.38","OTTAWA CDA","6105976","2013-04-30","2013","04","30","†","20.0","","11.2","","15.6","","2.4","","0.0","","0.0","","0.0","","0.0","","0","","","","",""
"-75.72","45.38","OTTAWA CDA","6105976","2013-05-01","2013","05","01","†","24.4","","7.7","","16.1","","1.9","","0.0","","0.0","","0.0","","0.0","","0","","","","",""
"-75.72","45.38","OTTAWA CDA","6105976","2013-05-02","2013","05","02","†","27.0","","10.8","","18.9","","0.0","","0.9","","0.0","","0.0","","0.0","","0","","","","",""
"-75.72","45.38","OTTAWA CDA","6105976","2013-05-03","2013","05","03","†","23.3","","11.4","","17.4","","0.6","","0.0","","0.0","","0.0","","0.0","","0","","","","",""
"-75.72","45.38","OTTAWA CDA","6105976","2013-05-04","2013","05","04","†","25.0","","8.5","","16.8","","1.2","","0.0","","0.0","","0.0","","0.0","","0","","","","",""
"-75.72","45.38","OTTAWA CDA","6105976","2013-05-05","2013","05","05","†","26.4","","7.5","","17.0","","1.0","","0.0","","0.0","","0.0","","0.0","","0","","","","",""
"-75.72","45.38","OTTAWA CDA","6105976","2013-05-06","2013","05","06","†","26.1","","9.8","","18.0","","0.0","","0.0","","0.0","","0.0","","0.0","","0","","","","",""
"-75.72","45.38","OTTAWA CDA","6105976","2013-05-07","2013","05","07","†","27.5","","6.7","","17.1","","0.9","","0.0","","0.0","","0.0","","0.0","","0","","","","",""
"-75.72","45.38","OTTAWA CDA","6105976","2013-05-08","2013","05","08","†","27.5","","10.0","","18.8","","0.0","","0.8","","0.0","","0.0","","0.0","","0","","","","",""
"-75.72","45.38","OTTAWA CDA","6105976","2013-05-09","2013","05","09","†","24.2","","15.1","","19.7","","0.0","","1.7","","0.0","","0.0","","0.0","","0","","","","",""
"-75.72","45.38","OTTAWA CDA","6105976","2013-05-10","2013","05","10","†","16.8","","9.6","","13.2","","4.8","","0.0","","16.0","","0.0","","16.0","","0","","","","",""
"-75.72","45.38","OTTAWA CDA","6105976","2013-05-11","2013","05","11","†","14.0","","8.5","","11.3","","6.7","","0.0","","0.8","","0.0","","0.8","","0","","","","",""
"-75.72","45.38","OTTAWA CDA","6105976","2013-05-12","2013","05","12","†","12.2","","6.5","","9.4","","8.6","","0.0","","0.4","","0.0","","0.4","","0","","","","",""
"-75.72","45.38","OTTAWA CDA","6105976","2013-05-13","2013","05","13","†","11.4","","1.9","","6.7","","11.3","","0.0","","0.0","","0.0","","0.0","","0","","","","",""
"-75.72","45.38","OTTAWA CDA","6105976","2013-05-14","2013","05","14","†","15.0","","-0.9","","7.1","","10.9","","0.0","","0.0","","0.0","","0.0","","0","","","","",""
"-75.72","45.38","OTTAWA CDA","6105976","2013-05-15","2013","05","15","†","16.9","","1.7","","9.3","","8.7","","0.0","","1.4","","0.0","","1.4","","0","","","","",""
"-75.72","45.38","OTTAWA CDA","6105976","2013-05-16","2013","05","16","†","17.5","","6.5","","12.0","","6.0","","0.0","","0.0","","0.0","","0.0","","0","","","","",""
"-75.72","45.38","OTTAWA CDA","6105976","2013-05-17","2013","05","17","†","20.3","","5.0","","12.7","","5.3","","0.0","","0.0","","0.0","","0.0","","0","","","","",""
"-75.72","45.38","OTTAWA CDA","6105976","2013-05-18","2013","05","18","†","23.0","","4.0","","13.5","","4.5","","0.0","","0.0","","0.0","","0.0","","0","","","","",""
"-75.72","45.38","OTTAWA CDA","6105976","2013-05-19","2013","05","19","†","17.5","","8.0","","12.8","","5.2","","0.0","","2.5","","0.0","","2.5","","0","","","","",""
"-75.72","45.38","OTTAWA CDA","6105976","2013-05-20","2013","05","20","†","22.0","","13.5","","17.8","","0.2","","0.0","","4.7","","0.0","","4.7","","0","","","","",""
"-75.72","45.38","OTTAWA CDA","6105976","2013-05-21","2013","05","21","†","17.5","","13.8","","15.7","","2.3","","0.0","","13.8","","0.0","","13.8","","0","","","","",""
"-75.72","45.38","OTTAWA CDA","6105976","2013-05-22","2013","05","22","†","22.2","","13.0","","17.6","","0.4","","0.0","","21.2","","0.0","","21.2","","0","","","","",""
"-75.72","45.38","OTTAWA CDA","6105976","2013-05-23","2013","05","23","†","20.5","","14.9","","17.7","","0.3","","0.0","","5.0","","0.0","","5.0","","0","","","","",""
"-75.72","45.38","OTTAWA CDA","6105976","2013-05-24","2013","05","24","†","13.0","","4.1","","8.6","","9.4","","0.0","","3.5","","0.0","","3.5","","0","","","","",""
"-75.72","45.38","OTTAWA CDA","6105976","2013-05-25","2013","05","25","†","15.3","","6.5","","10.9","","7.1","","0.0","","0.0","","0.0","","0.0","","0","","","","",""
"-75.72","45.38","OTTAWA CDA","6105976","2013-05-26","2013","05","26","†","18.6","","8.5","","13.6","","4.4","","0.0","","0.0","","0.0","","0.0","","0","","","","",""
"-75.72","45.38","OTTAWA CDA","6105976","2013-05-27","2013","05","27","†","19.7","","5.6","","12.7","","5.3","","0.0","","0.0","","0.0","","0.0","","0","","","","",""
"-75.72","45.38","OTTAWA CDA","6105976","2013-05-28","2013","05","28","†","23.0","","4.7","","13.9","","4.1","","0.0","","2.4","","0.0","","2.4","","0","","","","",""
"-75.72","45.38","OTTAWA CDA","6105976","2013-05-29","2013","05","29","†","25.0","","13.2","","19.1","","0.0","","1.1","","1.6","","0.0","","1.6","","0","","","","",""
"-75.72","45.38","OTTAWA CDA","6105976","2013-05-30","2013","05","30","†","30.0","","14.2","","22.1","","0.0","","4.1","","1.2","","0.0","","1.2","","0","","","","",""
"-75.72","45.38","OTTAWA CDA","6105976","2013-05-31","2013","05","31","†","32.1","","18.4","","25.3","","0.0","","7.3","","3.2","","0.0","","3.2","","0","","","","",""
"-75.72","45.38","OTTAWA CDA","6105976","2013-06-01","2013","06","01","†","28.0","","20.0","","24.0","","0.0","","6.0","","21.0","","0.0","","21.0","","0","","","","",""
"-75.72","45.38","OTTAWA CDA","6105976","2013-06-02","2013","06","02","†","25.9","","19.0","","22.5","","0.0","","4.5","","1.0","","0.0","","1.0","","0","","","","",""
"-75.72","45.38","OTTAWA CDA","6105976","2013-06-03","2013","06","03","†","19.7","","10.8","","15.3","","2.7","","0.0","","0.0","","0.0","","0.0","","0","","","","",""
"-75.72","45.38","OTTAWA CDA","6105976","2013-06-04","2013","06","04","†","20.5","","9.4","","15.0","","3.0","","0.0","","0.0","","0.0","","0.0","","0","","","","",""
"-75.72","45.38","OTTAWA CDA","6105976","2013-06-05","2013","06","05","†","16.9","","8.3","","12.6","","5.4","","0.0","","0.0","T","0.0","","0.0","T","0","","","","",""
"-75.72","45.38","OTTAWA CDA","6105976","2013-06-06","2013","06","06","†","13.0","","10.0","","11.5","","6.5","","0.0","","28.6","","0.0","","28.6","","0","","","","",""
"-75.72","45.38","OTTAWA CDA","6105976","2013-06-07","2013","06","07","†","14.5","","11.5","","13.0","","5.0","","0.0","","2.7","","0.0","","2.7","","0","","","","",""
"-75.72","45.38","OTTAWA CDA","6105976","2013-06-08","2013","06","08","†","18.5","","12.0","","15.3","","2.7","","0.0","","0.0","","0.0","","0.0","","0","","","","",""
"-75.72","45.38","OTTAWA CDA","6105976","2013-06-09","2013","06","09","†","25.6","","13.5","","19.6","","0.0","","1.6","","0.0","","0.0","","0.0","","0","","","","",""
"-75.72","45.38","OTTAWA CDA","6105976","2013-06-10","2013","06","10","†","25.9","","12.9","","19.4","","0.0","","1.4","","20.4","","0.0","","20.4","","0","","","","",""
"-75.72","45.38","OTTAWA CDA","6105976","2013-06-11","2013","06","11","†","17.2","","13.9","","15.6","","2.4","","0.0","","11.6","","0.0","","11.6","","0","","","","",""
"-75.72","45.38","OTTAWA CDA","6105976","2013-06-12","2013","06","12","†","24.6","","12.0","","18.3","","0.0","","0.3","","0.2","","0.0","","0.2","","0","","","","",""
"-75.72","45.38","OTTAWA CDA","6105976","2013-06-13","2013","06","13","†","22.8","","12.7","","17.8","","0.2","","0.0","","0.0","","0.0","","0.0","","0","","","","",""
"-75.72","45.38","OTTAWA CDA","6105976","2013-06-14","2013","06","14","†","24.0","","14.1","","19.1","","0.0","","1.1","","0.0","","0.0","","0.0","","0","","","","",""
"-75.72","45.38","OTTAWA CDA","6105976","2013-06-15","2013","06","15","†","25.0","","10.0","","17.5","","0.5","","0.0","","1.0","","0.0","","1.0","","0","","","","",""
"-75.72","45.38","OTTAWA CDA","6105976","2013-06-16","2013","06","16","†","16.5","","10.5","","13.5","","4.5","","0.0","","16.5","","0.0","","16.5","","0","","","","",""
"-75.72","45.38","OTTAWA CDA","6105976","2013-06-17","2013","06","17","†","17.7","","12.7","","15.2","","2.8","","0.0","","0.2","","0.0","","0.2","","0","","","","",""
"-75.72","45.38","OTTAWA CDA","6105976","2013-06-18","2013","06","18","†","20.4","","7.4","","13.9","","4.1","","0.0","","0.0","","0.0","","0.0","","0","","","","",""
"-75.72","45.38","OTTAWA CDA","6105976","2013-06-19","2013","06","19","†","20.5","","8.4","","14.5","","3.5","","0.0","","0.0","","0.0","","0.0","","0","","","","",""
"-75.72","45.38","OTTAWA CDA","6105976","2013-06-20","2013","06","20","†","24.1","","8.5","","16.3","","1.7","","0.0","","0.0","","0.0","","0.0","","0","","","","",""
"-75.72","45.38","OTTAWA CDA","6105976","2013-06-21","2013","06","21","†","27.0","","13.7","","20.4","","0.0","","2.4","","0.0","","0.0","","0.0","","0","","","","",""
"-75.72","45.38","OTTAWA CDA","6105976","2013-06-22","2013","06","22","†","20.0","","17.5","","18.8","","0.0","","0.8","","5.0","","0.0","","5.0","","0","","","","",""
"-75.72","45.38","OTTAWA CDA","6105976","2013-06-23","2013","06","23","†","26.6","","17.5","","22.1","","0.0","","4.1","","12.1","","0.0","","12.1","","0","","","","",""
"-75.72","45.38","OTTAWA CDA","6105976","2013-06-24","2013","06","24","†","31.8","","20.3","","26.1","","0.0","","8.1","","4.0","","0.0","","4.0","","0","","","","",""
"-75.72","45.38","OTTAWA CDA","6105976","2013-06-25","2013","06","25","†","28.5","","19.2","","23.9","","0.0","","5.9","","3.8","","0.0","","3.8","","0","","","","",""
"-75.72","45.38","OTTAWA CDA","6105976","2013-06-26","2013","06","26","†","28.4","","18.8","","23.6","","0.0","","5.6","","0.0","T","0.0","","0.0","T","0","","","","",""
"-75.72","45.38","OTTAWA CDA","6105976","2013-06-27","2013","06","27","†","27.0","","18.7","","22.9","","0.0","","4.9","","4.4","","0.0","","4.4","","0","","","","",""
"-75.72","45.38","OTTAWA CDA","6105976","2013-06-28","2013","06","28","†","17.3","","14.8","","16.1","","1.9","","0.0","","26.0","","0.0","","26.0","","0","","","","",""
"-75.72","45.38","OTTAWA CDA","6105976","2013-06-29","2013","06","29","†","21.0","","15.0","","18.0","","0.0","","0.0","","0.0","","0.0","","0.0","","0","","","","",""
"-75.72","45.38","OTTAWA CDA","6105976","2013-06-30","2013","06","30","†","24.5","","14.5","","19.5","","0.0","","1.5","","0.0","","0.0","","0.0","","0","","","","",""
"-75.72","45.38","OTTAWA CDA","6105976","2013-07-01","2013","07","01","†","23.5","","15.0","","19.3","","0.0","","1.3","","0.0","","0.0","","0.0","","0","","","","",""
"-75.72","45.38","OTTAWA CDA","6105976","2013-07-02","2013","07","02","†","20.0","","14.6","","17.3","","0.7","","0.0","","0.0","","0.0","","0.0","","0","","","","",""
"-75.72","45.38","OTTAWA CDA","6105976","2013-07-03","2013","07","03","†","27.9","","17.8","","22.9","","0.0","","4.9","","0.0","","0.0","","0.0","","0","","","","",""
"-75.72","45.38","OTTAWA CDA","6105976","2013-07-04","2013","07","04","†","29.2","","18.6","","23.9","","0.0","","5.9","","0.0","","0.0","","0.0","","0","","","","",""
"-75.72","45.38","OTTAWA CDA","6105976","2013-07-05","2013","07","05","†","28.2","","20.2","","24.2","","0.0","","6.2","","0.0","","0.0","","0.0","","0","","","","",""
"-75.72","45.38","OTTAWA CDA","6105976","2013-07-06","2013","07","06","†","30.0","","20.0","","25.0","","0.0","","7.0","","0.0","","0.0","","0.0","","0","","","","",""
"-75.72","45.38","OTTAWA CDA","6105976","2013-07-07","2013","07","07","†","25.0","","19.0","","22.0","","0.0","","4.0","","5.1","","0.0","","5.1","","0","","","","",""
"-75.72","45.38","OTTAWA CDA","6105976","2013-07-08","2013","07","08","†","26.0","","16.8","","21.4","","0.0","","3.4","","0.0","","0.0","","0.0","","0","","","","",""
"-75.72","45.38","OTTAWA CDA","6105976","2013-07-09","2013","07","09","†","29.5","","18.4","","24.0","","0.0","","6.0","","0.6","","0.0","","0.6","","0","","","","",""
"-75.72","45.38","OTTAWA CDA","6105976","2013-07-10","2013","07","10","†","29.2","","21.8","","25.5","","0.0","","7.5","","2.7","","0.0","","2.7","","0","","","","",""
"-75.72","45.38","OTTAWA CDA","6105976","2013-07-11","2013","07","11","†","25.2","","17.6","","21.4","","0.0","","3.4","","0.0","","0.0","","0.0","","0","","","","",""
"-75.72","45.38","OTTAWA CDA","6105976","2013-07-12","2013","07","12","†","24.7","","13.4","","19.1","","0.0","","1.1","","0.0","","0.0","","0.0","","0","","","","",""
"-75.72","45.38","OTTAWA CDA","6105976","2013-07-13","2013","07","13","†","29.5","","12.0","","20.8","","0.0","","2.8","","0.0","","0.0","","0.0","","0","","","","",""
"-75.72","45.38","OTTAWA CDA","6105976","2013-07-14","2013","07","14","†","31.0","","18.0","","24.5","","0.0","","6.5","","0.0","","0.0","","0.0","","0","","","","",""
"-75.72","45.38","OTTAWA CDA","6105976","2013-07-15","2013","07","15","†","32.2","","21.5","","26.9","","0.0","","8.9","","0.0","","0.0","","0.0","","0","","","","",""
"-75.72","45.38","OTTAWA CDA","6105976","2013-07-16","2013","07","16","†","33.0","","20.2","","26.6","","0.0","","8.6","","0.0","","0.0","","0.0","","0","","","","",""
"-75.72","45.38","OTTAWA CDA","6105976","2013-07-17","2013","07","17","†","34.0","","23.1","","28.6","","0.0","","10.6","","0.2","","0.0","","0.2","","0","","","","",""
"-75.72","45.38","OTTAWA CDA","6105976","2013-07-18","2013","07","18","†","30.4","","19.8","","25.1","","0.0","","7.1","","1.0","","0.0","","1.0","","0","","","","",""
"-75.72","45.38","OTTAWA CDA","6105976","2013-07-19","2013","07","19","†","33.3","","21.8","","27.6","","0.0","","9.6","","26.0","","0.0","","26.0","","0","","","","",""
"-75.72","45.38","OTTAWA CDA","6105976","2013-07-20","2013","07","20","†","27.5","","21.0","","24.3","","0.0","","6.3","","0.0","","0.0","","0.0","","0","","","","",""
"-75.72","45.38","OTTAWA CDA","6105976","2013-07-21","2013","07","21","†","22.5","","12.5","","17.5","","0.5","","0.0","","0.0","","0.0","","0.0","","0","","","","",""
"-75.72","45.38","OTTAWA CDA","6105976","2013-07-22","2013","07","22","†","25.4","","10.6","","18.0","","0.0","","0.0","","0.0","","0.0","","0.0","","0","","","","",""
"-75.72","45.38","OTTAWA CDA","6105976","2013-07-23","2013","07","23","†","29.3","","16.4","","22.9","","0.0","","4.9","","7.7","","0.0","","7.7","","0","","","","",""
"-75.72","45.38","OTTAWA CDA","6105976","2013-07-24","2013","07","24","†","20.7","","11.4","","16.1","","1.9","","0.0","","0.0","","0.0","","0.0","","0","","","","",""
"-75.72","45.38","OTTAWA CDA","6105976","2013-07-25","2013","07","25","†","23.3","","9.9","","16.6","","1.4","","0.0","","0.0","","0.0","","0.0","","0","","","","",""
"-75.72","45.38","OTTAWA CDA","6105976","2013-07-26","2013","07","26","†","25.6","","10.2","","17.9","","0.1","","0.0","","0.0","","0.0","","0.0","","0","","","","",""
"-75.72","45.38","OTTAWA CDA","6105976","2013-07-27","2013","07","27","†","26.5","","11.5","","19.0","","0.0","","1.0","","5.4","","0.0","","5.4","","0","","","","",""
"-75.72","45.38","OTTAWA CDA","6105976","2013-07-28","2013","07","28","†","25.7","","19.0","","22.4","","0.0","","4.4","","3.3","","0.0","","3.3","","0","","","","",""
"-75.72","45.38","OTTAWA CDA","6105976","2013-07-29","2013","07","29","†","22.0","","12.8","","17.4","","0.6","","0.0","","4.4","","0.0","","4.4","","0","","","","",""
"-75.72","45.38","OTTAWA CDA","6105976","2013-07-30","2013","07","30","†","23.8","","12.2","","18.0","","0.0","","0.0","","0.0","","0.0","","0.0","","0","","","","",""
"-75.72","45.38","OTTAWA CDA","6105976","2013-07-31","2013","07","31","†","26.2","","12.1","","19.2","","0.0","","1.2","","1.2","","0.0","","1.2","","0","","","","",""
"-75.72","45.38","OTTAWA CDA","6105976","2013-08-01","2013","08","01","†","23.2","","17.8","","20.5","","0.0","","2.5","","18.0","","0.0","","18.0","","0","","","","",""
"-75.72","45.38","OTTAWA CDA","6105976","2013-08-02","2013","08","02","†","25.2","","15.1","","20.2","","0.0","","2.2","","1.1","","0.0","","1.1","","0","","","","",""
"-75.72","45.38","OTTAWA CDA","6105976","2013-08-03","2013","08","03","†","24.0","","14.0","","19.0","","0.0","","1.0","","0.0","","0.0","","0.0","","0","","","","",""
"-75.72","45.38","OTTAWA CDA","6105976","2013-08-04","2013","08","04","†","20.5","","14.5","","17.5","","0.5","","0.0","","0.9","","0.0","","0.9","","0","","","","",""
"-75.72","45.38","OTTAWA CDA","6105976","2013-08-05","2013","08","05","†","24.0","","7.8","","15.9","","2.1","","0.0","","0.0","","0.0","","0.0","","0","","","","",""
"-75.72","45.38","OTTAWA CDA","6105976","2013-08-06","2013","08","06","†","24.5","","13.2","","18.9","","0.0","","0.9","","0.0","","0.0","","0.0","","0","","","","",""
"-75.72","45.38","OTTAWA CDA","6105976","2013-08-07","2013","08","07","†","24.6","","14.5","","19.6","","0.0","","1.6","","20.2","","0.0","","20.2","","0","","","","",""
"-75.72","45.38","OTTAWA CDA","6105976","2013-08-08","2013","08","08","†","26.5","","16.5","","21.5","","0.0","","3.5","","0.0","T","0.0","","0.0","T","0","","","","",""
"-75.72","45.38","OTTAWA CDA","6105976","2013-08-09","2013","08","09","†","26.8","","18.4","","22.6","","0.0","","4.6","","0.0","","0.0","","0.0","","0","","","","",""
"-75.72","45.38","OTTAWA CDA","6105976","2013-08-10","2013","08","10","†","22.5","","14.1","","18.3","","0.0","","0.3","","0.0","","0.0","","0.0","","0","","","","",""
"-75.72","45.38","OTTAWA CDA","6105976","2013-08-11","2013","08","11","†","25.3","","11.4","","18.4","","0.0","","0.4","","0.0","","0.0","","0.0","","0","","","","",""
"-75.72","45.38","OTTAWA CDA","6105976","2013-08-12","2013","08","12","†","25.5","","13.7","","19.6","","0.0","","1.6","","11.2","","0.0","","11.2","","0","","","","",""
"-75.72","45.38","OTTAWA CDA","6105976","2013-08-13","2013","08","13","†","23.0","","15.0","","19.0","","0.0","","1.0","","4.0","","0.0","","4.0","","0","","","","",""
"-75.72","45.38","OTTAWA CDA","6105976","2013-08-14","2013","08","14","†","21.4","","13.2","","17.3","","0.7","","0.0","","0.4","","0.0","","0.4","","0","","","","",""
"-75.72","45.38","OTTAWA CDA","6105976","2013-08-15","2013","08","15","†","24.4","","11.7","","18.1","","0.0","","0.1","","0.0","","0.0","","0.0","","0","","","","",""
"-75.72","45.38","OTTAWA CDA","6105976","2013-08-16","2013","08","16","†","23.5","","12.8","","18.2","","0.0","","0.2","","0.0","","0.0","","0.0","","0","","","","",""
"-75.72","45.38","OTTAWA CDA","6105976","2013-08-17","2013","08","17","†","25.6","","9.5","","17.6","","0.4","","0.0","","0.0","","0.0","","0.0","","0","","","","",""
"-75.72","45.38","OTTAWA CDA","6105976","2013-08-18","2013","08","18","†","28.0","","12.5","","20.3","","0.0","","2.3","","0.0","","0.0","","0.0","","0","","","","",""
"-75.72","45.38","OTTAWA CDA","6105976","2013-08-19","2013","08","19","†","27.5","","16.2","","21.9","","0.0","","3.9","","0.0","","0.0","","0.0","","0","","","","",""
"-75.72","45.38","OTTAWA CDA","6105976","2013-08-20","2013","08","20","†","30.7","","15.9","","23.3","","0.0","","5.3","","0.0","","0.0","","0.0","","0","","","","",""
"-75.72","45.38","OTTAWA CDA","6105976","2013-08-21","2013","08","21","†","30.5","","17.0","","23.8","","0.0","","5.8","","3.0","","0.0","","3.0","","0","","","","",""
"-75.72","45.38","OTTAWA CDA","6105976","2013-08-22","2013","08","22","†","24.2","","19.6","","21.9","","0.0","","3.9","","2.4","","0.0","","2.4","","0","","","","",""
"-75.72","45.38","OTTAWA CDA","6105976","2013-08-23","2013","08","23","†","22.0","","14.0","","18.0","","0.0","","0.0","","0.0","","0.0","","0.0","","0","","","","",""
"-75.72","45.38","OTTAWA CDA","6105976","2013-08-24","2013","08","24","†","23.5","","8.5","","16.0","","2.0","","0.0","","0.0","","0.0","","0.0","","0","","","","",""
"-75.72","45.38","OTTAWA CDA","6105976","2013-08-25","2013","08","25","†","25.8","","13.1","","19.5","","0.0","","1.5","","0.6","","0.0","","0.6","","0","","","","",""
"-75.72","45.38","OTTAWA CDA","6105976","2013-08-26","2013","08","26","†","24.9","","17.6","","21.3","","0.0","","3.3","","0.5","","0.0","","0.5","","0","","","","",""
"-75.72","45.38","OTTAWA CDA","6105976","2013-08-27","2013","08","27","†","27.2","","20.4","","23.8","","0.0","","5.8","","0.2","","0.0","","0.2","","0","","","","",""
"-75.72","45.38","OTTAWA CDA","6105976","2013-08-28","2013","08","28","†","29.6","","17.2","","23.4","","0.0","","5.4","","0.0","","0.0","","0.0","","0","","","","",""
"-75.72","45.38","OTTAWA CDA","6105976","2013-08-29","2013","08","29","†","27.5","","17.4","","22.5","","0.0","","4.5","","0.0","","0.0","","0.0","","0","","","","",""
"-75.72","45.38","OTTAWA CDA","6105976","2013-08-30","2013","08","30","†","27.7","","17.2","","22.5","","0.0","","4.5","","12.4","","0.0","","12.4","","0","","","","",""
"-75.72","45.38","OTTAWA CDA","6105976","2013-08-31","2013","08","31","†","24.5","","17.0","","20.8","","0.0","","2.8","","0.0","","0.0","","0.0","","0","","","","",""
"-75.72","45.38","OTTAWA CDA","6105976","2013-09-01","2013","09","01","†","26.5","","16.5","","21.5","","0.0","","3.5","","0.0","","0.0","","0.0","","0","","","","",""
"-75.72","45.38","OTTAWA CDA","6105976","2013-09-02","2013","09","02","†","23.0","","16.0","","19.5","","0.0","","1.5","","11.2","","0.0","","11.2","","0","","","","",""
"-75.72","45.38","OTTAWA CDA","6105976","2013-09-03","2013","09","03","†","20.7","","13.5","","17.1","","0.9","","0.0","","0.3","","0.0","","0.3","","0","","","","",""
"-75.72","45.38","OTTAWA CDA","6105976","2013-09-04","2013","09","04","†","19.7","","12.3","","16.0","","2.0","","0.0","","0.0","","0.0","","0.0","","0","","","","",""
"-75.72","45.38","OTTAWA CDA","6105976","2013-09-05","2013","09","05","†","17.3","","8.4","","12.9","","5.1","","0.0","","0.0","","0.0","","0.0","","0","","","","",""
"-75.72","45.38","OTTAWA CDA","6105976","2013-09-06","2013","09","06","†","21.0","","4.8","","12.9","","5.1","","0.0","","0.0","","0.0","","0.0","","0","","","","",""
"-75.72","45.38","OTTAWA CDA","6105976","2013-09-07","2013","09","07","†","20.0","","13.0","","16.5","","1.5","","0.0","","4.3","","0.0","","4.3","","0","","","","",""
"-75.72","45.38","OTTAWA CDA","6105976","2013-09-08","2013","09","08","†","17.1","","10.5","","13.8","","4.2","","0.0","","0.2","","0.0","","0.2","","0","","","","",""
"-75.72","45.38","OTTAWA CDA","6105976","2013-09-09","2013","09","09","†","21.6","","5.1","","13.4","","4.6","","0.0","","6.2","","0.0","","6.2","","0","","","","",""
"-75.72","45.38","OTTAWA CDA","6105976","2013-09-10","2013","09","10","†","22.0","","12.8","","17.4","","0.6","","0.0","","0.0","","0.0","","0.0","","0","","","","",""
"-75.72","45.38","OTTAWA CDA","6105976","2013-09-11","2013","09","11","†","28.6","","14.8","","21.7","","0.0","","3.7","","7.0","","0.0","","7.0","","0","","","","",""
"-75.72","45.38","OTTAWA CDA","6105976","2013-09-12","2013","09","12","†","24.5","","19.4","","22.0","","0.0","","4.0","","16.2","","0.0","","16.2","","0","","","","",""
"-75.72","45.38","OTTAWA CDA","6105976","2013-09-13","2013","09","13","†","12.5","","10.4","","11.5","","6.5","","0.0","","0.0","","0.0","","0.0","","0","","","","",""
"-75.72","45.38","OTTAWA CDA","6105976","2013-09-14","2013","09","14","†","17.0","","6.0","","11.5","","6.5","","0.0","","0.0","","0.0","","0.0","","0","","","","",""
"-75.72","45.38","OTTAWA CDA","6105976","2013-09-15","2013","09","15","†","19.0","","8.5","","13.8","","4.2","","0.0","","6.4","","0.0","","6.4","","0","","","","",""
"-75.72","45.38","OTTAWA CDA","6105976","2013-09-16","2013","09","16","†","12.2","","6.2","","9.2","","8.8","","0.0","","0.0","","0.0","","0.0","","0","","","","",""
"-75.72","45.38","OTTAWA CDA","6105976","2013-09-17","2013","09","17","†","17.8","","1.7","","9.8","","8.2","","0.0","","0.0","","0.0","","0.0","","0","","","","",""
"-75.72","45.38","OTTAWA CDA","6105976","2013-09-18","2013","09","18","†","22.0","","4.0","","13.0","","5.0","","0.0","","0.0","","0.0","","0.0","","0","","","","",""
"-75.72","45.38","OTTAWA CDA","6105976","2013-09-19","2013","09","19","†","24.9","","4.9","","14.9","","3.1","","0.0","","0.0","","0.0","","0.0","","0","","","","",""
"-75.72","45.38","OTTAWA CDA","6105976","2013-09-20","2013","09","20","†","26.2","","9.9","","18.1","","0.0","","0.1","","4.0","","0.0","","4.0","","0","","","","",""
"-75.72","45.38","OTTAWA CDA","6105976","2013-09-21","2013","09","21","†","17.5","","16.5","","17.0","","1.0","","0.0","","21.6","","0.0","","21.6","","0","","","","",""
"-75.72","45.38","OTTAWA CDA","6105976","2013-09-22","2013","09","22","†","12.5","","9.0","","10.8","","7.2","","0.0","","0.9","","0.0","","0.9","","0","","","","",""
"-75.72","45.38","OTTAWA CDA","6105976","2013-09-23","2013","09","23","†","12.8","","4.5","","8.7","","9.3","","0.0","","0.0","","0.0","","0.0","","0","","","","",""
"-75.72","45.38","OTTAWA CDA","6105976","2013-09-24","2013","09","24","†","19.0","","4.9","","12.0","","6.0","","0.0","","0.0","","0.0","","0.0","","0","","","","",""
"-75.72","45.38","OTTAWA CDA","6105976","2013-09-25","2013","09","25","†","20.7","","3.0","","11.9","","6.1","","0.0","","0.0","","0.0","","0.0","","0","","","","",""
"-75.72","45.38","OTTAWA CDA","6105976","2013-09-26","2013","09","26","†","19.2","","7.3","","13.3","","4.7","","0.0","","0.0","","0.0","","0.0","","0","","","","",""
"-75.72","45.38","OTTAWA CDA","6105976","2013-09-27","2013","09","27","†","20.5","","5.5","","13.0","","5.0","","0.0","","0.0","","0.0","","0.0","","0","","","","",""
"-75.72","45.38","OTTAWA CDA","6105976","2013-09-28","2013","09","28","†","22.3","","5.5","","13.9","","4.1","","0.0","","0.0","","0.0","","0.0","","0","","","","",""
"-75.72","45.38","OTTAWA CDA","6105976","2013-09-29","2013","09","29","†","22.6","","6.0","","14.3","","3.7","","0.0","","0.0","","0.0","","0.0","","0","","","","",""
"-75.72","45.38","OTTAWA CDA","6105976","2013-09-30","2013","09","30","†","24.1","","8.2","","16.2","","1.8","","0.0","","0.0","","0.0","","0.0","","0","","","","",""
"-75.72","45.38","OTTAWA CDA","6105976","2013-10-01","2013","10","01","†","23.4","","15.7","","19.6","","0.0","","1.6","","0.0","","0.0","","0.0","","0","","","","",""
"-75.72","45.38","OTTAWA CDA","6105976","2013-10-02","2013","10","02","†","24.6","","13.3","","19.0","","0.0","","1.0","","0.0","","0.0","","0.0","","0","","","","",""
"-75.72","45.38","OTTAWA CDA","6105976","2013-10-03","2013","10","03","†","22.2","","9.1","","15.7","","2.3","","0.0","","0.4","","0.0","","0.4","","0","","","","",""
"-75.72","45.38","OTTAWA CDA","6105976","2013-10-04","2013","10","04","†","16.6","","12.9","","14.8","","3.2","","0.0","","0.3","","0.0","","0.3","","0","","","","",""
"-75.72","45.38","OTTAWA CDA","6105976","2013-10-05","2013","10","05","†","19.5","","12.5","","16.0","","2.0","","0.0","","0.0","","0.0","","0.0","","0","","","","",""
"-75.72","45.38","OTTAWA CDA","6105976","2013-10-06","2013","10","06","†","21.4","","9.0","","15.2","","2.8","","0.0","","6.7","","0.0","","6.7","","0","","","","",""
"-75.72","45.38","OTTAWA CDA","6105976","2013-10-07","2013","10","07","†","23.0","","9.0","","16.0","","2.0","","0.0","","22.3","","0.0","","22.3","","0","","","","",""
"-75.72","45.38","OTTAWA CDA","6105976","2013-10-08","2013","10","08","†","14.9","","5.1","","10.0","","8.0","","0.0","","0.0","","0.0","","0.0","","0","","","","",""
"-75.72","45.38","OTTAWA CDA","6105976","2013-10-09","2013","10","09","†","18.4","","1.8","","10.1","","7.9","","0.0","","0.0","","0.0","","0.0","","0","","","","",""
"-75.72","45.38","OTTAWA CDA","6105976","2013-10-10","2013","10","10","†","20.7","","1.9","","11.3","","6.7","","0.0","","0.0","","0.0","","0.0","","0","","","","",""
"-75.72","45.38","OTTAWA CDA","6105976","2013-10-11","2013","10","11","†","22.5","","2.7","","12.6","","5.4","","0.0","","0.0","","0.0","","0.0","","0","","","","",""
"-75.72","45.38","OTTAWA CDA","6105976","2013-10-12","2013","10","12","†","22.0","","6.0","","14.0","","4.0","","0.0","","0.0","","0.0","","0.0","","0","","","","",""
"-75.72","45.38","OTTAWA CDA","6105976","2013-10-13","2013","10","13","†","20.8","","8.8","","14.8","","3.2","","0.0","","6.8","","0.0","","6.8","","0","","","","",""
"-75.72","45.38","OTTAWA CDA","6105976","2013-10-14","2013","10","14","†","17.5","","12.5","","15.0","","3.0","","0.0","","0.0","","0.0","","0.0","","0","","","","",""
"-75.72","45.38","OTTAWA CDA","6105976","2013-10-15","2013","10","15","†","15.3","","8.3","","11.8","","6.2","","0.0","","0.3","","0.0","","0.3","","0","","","","",""
"-75.72","45.38","OTTAWA CDA","6105976","2013-10-16","2013","10","16","†","18.3","","11.3","","14.8","","3.2","","0.0","","0.4","","0.0","","0.4","","0","","","","",""
"-75.72","45.38","OTTAWA CDA","6105976","2013-10-17","2013","10","17","†","17.7","","10.0","","13.9","","4.1","","0.0","","9.2","","0.0","","9.2","","0","","","","",""
"-75.72","45.38","OTTAWA CDA","6105976","2013-10-18","2013","10","18","†","14.3","","10.2","","12.3","","5.7","","0.0","","0.0","T","0.0","","0.0","T","0","","","","",""
"-75.72","45.38","OTTAWA CDA","6105976","2013-10-19","2013","10","19","†","13.5","","5.0","","9.3","","8.7","","0.0","","12.6","","0.0","","12.6","","0","","","","",""
"-75.72","45.38","OTTAWA CDA","6105976","2013-10-20","2013","10","20","†","13.0","","5.0","","9.0","","9.0","","0.0","","0.6","","0.0","","0.6","","0","","","","",""
"-75.72","45.38","OTTAWA CDA","6105976","2013-10-21","2013","10","21","†","14.1","","0.5","","7.3","","10.7","","0.0","","3.6","","0.0","","3.6","","0","","","","",""
"-75.72","45.38","OTTAWA CDA","6105976","2013-10-22","2013","10","22","†","10.8","","7.3","","9.1","","8.9","","0.0","","0.0","","0.0","","0.0","","0","","","","",""
"-75.72","45.38","OTTAWA CDA","6105976","2013-10-23","2013","10","23","†","8.1","","1.7","","4.9","","13.1","","0.0","","0.0","","0.0","","0.0","","0","","","","",""
"-75.72","45.38","OTTAWA CDA","6105976","2013-10-24","2013","10","24","†","6.1","","-1.9","","2.1","","15.9","","0.0","","0.0","","0.0","","0.0","","0","","","","",""
"-75.72","45.38","OTTAWA CDA","6105976","2013-10-25","2013","10","25","†","5.5","","-0.1","","2.7","","15.3","","0.0","","0.8","","0.0","","0.8","","0","","","","",""
"-75.72","45.38","OTTAWA CDA","6105976","2013-10-26","2013","10","26","†","6.0","","-2.0","","2.0","","16.0","","0.0","","5.0","","0.0","","5.0","","0","","","","",""
"-75.72","45.38","OTTAWA CDA","6105976","2013-10-27","2013","10","27","†","7.8","","3.0","","5.4","","12.6","","0.0","","0.8","","0.0","","0.8","","0","","","","",""
"-75.72","45.38","OTTAWA CDA","6105976","2013-10-28","2013","10","28","†","5.7","","2.3","","4.0","","14.0","","0.0","","0.0","","0.0","","0.0","","0","","","","",""
"-75.72","45.38","OTTAWA CDA","6105976","2013-10-29","2013","10","29","†","4.3","","-5.6","","-0.7","","18.7","","0.0","","0.0","","0.0","T","0.0","T","0","","","","",""
"-75.72","45.38","OTTAWA CDA","6105976","2013-10-30","2013","10","30","†","6.8","","-3.5","","1.7","","16.3","","0.0","","0.0","","0.0","","0.0","","0","","","","",""
"-75.72","45.38","OTTAWA CDA","6105976","2013-10-31","2013","10","31","†","16.7","","-0.5","","8.1","","9.9","","0.0","","16.4","","0.0","","16.4","","0","","","","",""
"-75.72","45.38","OTTAWA CDA","6105976","2013-11-01","2013","11","01","†","17.2","","6.5","","11.9","","6.1","","0.0","","1.4","","0.0","","1.4","","0","","","","",""
"-75.72","45.38","OTTAWA CDA","6105976","2013-11-02","2013","11","02","†","5.7","","4.0","","4.9","","13.1","","0.0","","0.0","","0.0","","0.0","","0","","","","",""
"-75.72","45.38","OTTAWA CDA","6105976","2013-11-03","2013","11","03","†","4.2","","-3.5","","0.4","","17.6","","0.0","","0.0","","0.0","","0.0","","0","","","","",""
"-75.72","45.38","OTTAWA CDA","6105976","2013-11-04","2013","11","04","†","4.1","","-6.0","","-1.0","","19.0","","0.0","","0.0","","0.0","","0.0","","0","","","","",""
"-75.72","45.38","OTTAWA CDA","6105976","2013-11-05","2013","11","05","†","10.9","","-1.9","","4.5","","13.5","","0.0","","0.0","","0.0","","0.0","","0","","","","",""
"-75.72","45.38","OTTAWA CDA","6105976","2013-11-06","2013","11","06","†","14.9","","5.1","","10.0","","8.0","","0.0","","2.4","","0.0","","2.4","","0","","","","",""
"-75.72","45.38","OTTAWA CDA","6105976","2013-11-07","2013","11","07","†","6.2","","3.5","","4.9","","13.1","","0.0","","0.0","","0.0","","0.0","","0","","","","",""
"-75.72","45.38","OTTAWA CDA","6105976","2013-11-08","2013","11","08","†","3.3","","0.3","","1.8","","16.2","","0.0","","0.0","","0.0","","0.0","","0","","","","",""
"-75.72","45.38","OTTAWA CDA","6105976","2013-11-09","2013","11","09","†","3.0","","-3.5","","-0.3","","18.3","","0.0","","10.8","","0.0","T","10.8","","0","","","","",""
"-75.72","45.38","OTTAWA CDA","6105976","2013-11-10","2013","11","10","†","7.0","","-0.5","","3.3","","14.7","","0.0","","2.6","","0.0","","2.6","","0","","","","",""
"-75.72","45.38","OTTAWA CDA","6105976","2013-11-11","2013","11","11","†","4.8","","-1.0","","1.9","","16.1","","0.0","","2.8","","0.0","","2.8","","0","","","","",""
"-75.72","45.38","OTTAWA CDA","6105976","2013-11-12","2013","11","12","†","-1.7","","-5.0","","-3.4","","21.4","","0.0","","0.0","","0.0","","0.0","","0","","","","",""
"-75.72","45.38","OTTAWA CDA","6105976","2013-11-13","2013","11","13","†","2.8","","-10.1","","-3.7","","21.7","","0.0","","0.0","","0.0","","0.0","","0","","","","",""
"-75.72","45.38","OTTAWA CDA","6105976","2013-11-14","2013","11","14","†","7.4","","-0.9","","3.3","","14.7","","0.0","","0.0","","0.0","","0.0","","0","","","","",""
"-75.72","45.38","OTTAWA CDA","6105976","2013-11-15","2013","11","15","†","10.0","","0.0","","5.0","","13.0","","0.0","","0.0","","0.0","","0.0","","0","","","","",""
"-75.72","45.38","OTTAWA CDA","6105976","2013-11-16","2013","11","16","†","13.0","","1.0","","7.0","","11.0","","0.0","","0.0","","0.0","","0.0","","0","","","","",""
"-75.72","45.38","OTTAWA CDA","6105976","2013-11-17","2013","11","17","†","14.0","","1.5","","7.8","","10.2","","0.0","","7.8","","0.0","","7.8","","0","","","","",""
"-75.72","45.38","OTTAWA CDA","6105976","2013-11-18","2013","11","18","†","10.2","","5.3","","7.8","","10.2","","0.0","","0.5","","0.0","","0.5","","0","","","","",""
"-75.72","45.38","OTTAWA CDA","6105976","2013-11-19","2013","11","19","†","0.6","","-1.6","","-0.5","","18.5","","0.0","","0.0","","0.0","","0.0","","0","","","","",""
"-75.72","45.38","OTTAWA CDA","6105976","2013-11-20","2013","11","20","†","1.8","","-8.4","","-3.3","","21.3","","0.0","","0.0","","0.0","","0.0","","0","","","","",""
"-75.72","45.38","OTTAWA CDA","6105976","2013-11-21","2013","11","21","†","4.1","","-6.5","","-1.2","","19.2","","0.0","","1.2","","0.0","","1.2","","0","","","","",""
"-75.72","45.38","OTTAWA CDA","6105976","2013-11-22","2013","11","22","†","5.0","","0.2","","2.6","","15.4","","0.0","","0.6","","0.0","","0.6","","0","","","","",""
"-75.72","45.38","OTTAWA CDA","6105976","2013-11-23","2013","11","23","†","-3.5","","-5.0","","-4.3","","22.3","","0.0","","0.0","","3.0","","1.0","","0","","","","",""
"-75.72","45.38","OTTAWA CDA","6105976","2013-11-24","2013","11","24","†","-7.0","","-12.0","","-9.5","","27.5","","0.0","","0.0","","0.0","","0.0","","2","","","","",""
"-75.72","45.38","OTTAWA CDA","6105976","2013-11-25","2013","11","25","†","0.9","","-14.5","","-6.8","","24.8","","0.0","","0.0","","0.0","T","0.0","T","2","","","","",""
"-75.72","45.38","OTTAWA CDA","6105976","2013-11-26","2013","11","26","†","3.0","","-1.0","","1.0","","17.0","","0.0","","0.0","","10.0","","10.0","","1","","","","",""
"-75.72","45.38","OTTAWA CDA","6105976","2013-11-27","2013","11","27","†","1.0","","-0.6","","0.2","","17.8","","0.0","","0.0","","12.0","","7.9","","12","","","","",""
"-75.72","45.38","OTTAWA CDA","6105976","2013-11-28","2013","11","28","†","-6.0","","-9.5","","-7.8","","25.8","","0.0","","0.0","","0.0","","0.0","","15","","","","",""
"-75.72","45.38","OTTAWA CDA","6105976","2013-11-29","2013","11","29","†","-6.8","","-18.9","","-12.9","","30.9","","0.0","","0.0","","0.0","","0.0","","15","","","","",""
"-75.72","45.38","OTTAWA CDA","6105976","2013-11-30","2013","11","30","†","-5.5","","-20.0","","-12.8","","30.8","","0.0","","0.0","","2.0","","1.8","","14","","","","",""
"-75.72","45.38","OTTAWA CDA","6105976","2013-12-01","2013","12","01","†","-1.7","","-10.0","","-5.9","","23.9","","0.0","","0.0","","0.8","","1.0","","15","","","","",""
"-75.72","45.38","OTTAWA CDA","6105976","2013-12-02","2013","12","02","†","-0.6","","-2.9","","-1.8","","19.8","","0.0","","0.0","","0.0","T","0.0","T","14","","","","",""
"-75.72","45.38","OTTAWA CDA","6105976","2013-12-03","2013","12","03","†","1.2","","-1.5","","-0.2","","18.2","","0.0","","0.0","","0.0","","0.0","","14","","","","",""
"-75.72","45.38","OTTAWA CDA","6105976","2013-12-04","2013","12","04","†","1.1","","-6.5","","-2.7","","20.7","","0.0","","0.0","T","0.0","","0.0","T","13","","","","",""
"-75.72","45.38","OTTAWA CDA","6105976","2013-12-05","2013","12","05","†","7.2","","-0.6","","3.3","","14.7","","0.0","","0.2","","0.0","","0.2","","13","","","","",""
"-75.72","45.38","OTTAWA CDA","6105976","2013-12-06","2013","12","06","†","1.5","","-0.5","","0.5","","17.5","","0.0","","0.0","","0.0","","0.0","","5","","","","",""
"-75.72","45.38","OTTAWA CDA","6105976","2013-12-07","2013","12","07","†","-3.0","","-7.0","","-5.0","","23.0","","0.0","","0.0","","0.0","","0.0","","4","","","","",""
"-75.72","45.38","OTTAWA CDA","6105976","2013-12-08","2013","12","08","†","-1.6","","-11.5","","-6.6","","24.6","","0.0","","0.0","","2.0","","1.4","","4","","","","",""
"-75.72","45.38","OTTAWA CDA","6105976","2013-12-09","2013","12","09","†","1.7","","-6.5","","-2.4","","20.4","","0.0","","0.0","","3.0","","2.1","","4","","","","",""
"-75.72","45.38","OTTAWA CDA","6105976","2013-12-10","2013","12","10","†","-5.0","","-6.5","","-5.8","","23.8","","0.0","","0.0","","0.0","T","0.0","T","6","","","","",""
"-75.72","45.38","OTTAWA CDA","6105976","2013-12-11","2013","12","11","†","-6.3","","-12.8","","-9.6","","27.6","","0.0","","0.0","","0.0","T","0.0","T","5","","","","",""
"-75.72","45.38","OTTAWA CDA","6105976","2013-12-12","2013","12","12","†","-7.4","","-22.3","","-14.9","","32.9","","0.0","","0.0","","0.0","T","0.0","T","5","","","","",""
"-75.72","45.38","OTTAWA CDA","6105976","2013-12-13","2013","12","13","†","-14.3","","-16.0","","-15.2","","33.2","","0.0","","0.0","","0.0","","0.0","","5","","","","",""
"-75.72","45.38","OTTAWA CDA","6105976","2013-12-14","2013","12","14","†","-11.5","","-23.0","","-17.3","","35.3","","0.0","","0.0","","15.0","","10.0","","5","","","","",""
"-75.72","45.38","OTTAWA CDA","6105976","2013-12-15","2013","12","15","†","-9.1","","-19.5","","-14.3","","32.3","","0.0","","0.0","","1.5","","0.6","","20","","","","",""
"-75.72","45.38","OTTAWA CDA","6105976","2013-12-16","2013","12","16","†","-17.0","","-21.8","","-19.4","","37.4","","0.0","","0.0","","0.0","","0.0","","20","","","","",""
"-75.72","45.38","OTTAWA CDA","6105976","2013-12-17","2013","12","17","†","-15.1","","-29.2","","-22.2","","40.2","","0.0","","0.0","","1.5","","0.4","","19","","","","",""
"-75.72","45.38","OTTAWA CDA","6105976","2013-12-18","2013","12","18","†","-6.5","","-17.4","","-12.0","","30.0","","0.0","","0.0","","3.0","","1.9","","19","","","","",""
"-75.72","45.38","OTTAWA CDA","6105976","2013-12-19","2013","12","19","†","0.8","","-10.2","","-4.7","","22.7","","0.0","","0.0","","3.0","","2.9","","19","","","","",""
"-75.72","45.38","OTTAWA CDA","6105976","2013-12-20","2013","12","20","†","-3.1","","-5.1","","-4.1","","22.1","","0.0","","0.0","","11.5","","9.0","","20","","","","",""
"-75.72","45.38","OTTAWA CDA","6105976","2013-12-21","2013","12","21","†","-5.0","","-7.5","","-6.3","","24.3","","0.0","","6.0","","12.0","","18.0","","27","","","","",""
"-75.72","45.38","OTTAWA CDA","6105976","2013-12-22","2013","12","22","†","-5.0","","-7.0","","-6.0","","24.0","","0.0","","2.0","","0.0","T","2.0","","37","","","","",""
"-75.72","45.38","OTTAWA CDA","6105976","2013-12-23","2013","12","23","†","-6.0","","-8.2","","-7.1","","25.1","","0.0","","0.0","","0.0","T","0.0","T","32","","","","",""
"-75.72","45.38","OTTAWA CDA","6105976","2013-12-24","2013","12","24","†","-15.5","","-20.6","","-18.1","","36.1","","0.0","","0.0","","0.0","","0.0","","33","","","","",""
"-75.72","45.38","OTTAWA CDA","6105976","2013-12-25","2013","12","25","†","-14.5","","-27.0","","-20.8","","38.8","","0.0","","0.0","","1.5","","0.6","","33","","","","",""
"-75.72","45.38","OTTAWA CDA","6105976","2013-12-26","2013","12","26","†","-9.0","","-18.0","","-13.5","","31.5","","0.0","","0.0","","2.4","","1.6","","35","","","","",""
"-75.72","45.38","OTTAWA CDA","6105976","2013-12-27","2013","12","27","†","1.8","","-12.5","","-5.4","","23.4","","0.0","","0.0","","0.0","T","0.0","T","35","","","","",""
"-75.72","45.38","OTTAWA CDA","6105976","2013-12-28","2013","12","28","†","2.4","","-10.5","","-4.1","","22.1","","0.0","","0.0","","0.0","","0.0","","35","","","","",""
"-75.72","45.38","OTTAWA CDA","6105976","2013-12-29","2013","12","29","†","1.5","","-6.0","","-2.3","","20.3","","0.0","","0.0","","0.0","","0.0","","30","","","","",""
"-75.72","45.38","OTTAWA CDA","6105976","2013-12-30","2013","12","30","†","-16.1","","-19.3","","-17.7","","35.7","","0.0","","0.0","","0.0","","0.0","","29","","","","",""
"-75.72","45.38","OTTAWA CDA","6105976","2013-12-31","2013","12","31","†","-15.5","","-21.8","","-18.7","","36.7","","0.0","","0.0","","1.0","","0.9","","29","","","","",""
